/*
SQLyog Enterprise - MySQL GUI v7.14 
MySQL - 5.5.19 : Database - centerdb
*********************************************************************
*/
/*!40101 SET NAMES utf8 */;

/*!40101 SET SQL_MODE=''*/;

/*!40014 SET @OLD_FOREIGN_KEY_CHECKS=@@FOREIGN_KEY_CHECKS, FOREIGN_KEY_CHECKS=0 */;
/*!40101 SET @OLD_SQL_MODE=@@SQL_MODE, SQL_MODE='NO_AUTO_VALUE_ON_ZERO' */;

CREATE DATABASE /*!32312 IF NOT EXISTS*/`centerdb` /*!40100 DEFAULT CHARACTER SET gbk COLLATE gbk_bin */;

USE `centerdb`;

/*Data for the table `attach` */

/*Data for the table `groups` */

insert  into `groups`(`group_id`,`group_name`,`group_power`,`system`) values (1,'管理','1,2,3,4,5,9',1),(2,'统计','1,2,3,4,5,9,30,31,32,8,14,15,16,17,18,19,20,21,22,23,24,25,26,27,33,10,11,12',1),(3,'默认分组',NULL,1),(4,'超级管理员','all',1);

/*Data for the table `module` */

insert  into `module`(`id`,`name`) values (1,'日常管理'),(2,'货币管理'),(4,'服务器控制'),(3,'活动管理'),(5,'充值信息'),(6,'运营数据'),(7,'用户管理'),(8,'服务器信息');

/*Data for the table `purview` */

insert  into `purview`(`id`,`name`,`module`,`url`) values (1,'玩家管理',1,'usermanager.php'),(2,'消息管理',1,'message.php'),(3,'充值管理',1,'recharge.php'),(4,'物品管理',1,'wupin.php'),(5,'关键字屏蔽',1,'keywords.php'),(6,'货币生成',2,'huobi.php'),(7,'货币管理',2,'huobimanage.php'),(8,'充值统计',5,'payInfo.php'),(10,'更新说明',8,'updateExplain.php'),(11,'维护公告',8,'weihuGonggao.php'),(12,'客服信息',8,'customerServiceInfo.php'),(13,'热卖物品设置',3,'remai.php'),(14,'用户注册统计',6,'userRegistStatistics.php'),(15,'用户登录统计',6,'userLoginInfo.php'),(16,'用户在线时间统计',6,'userOnlineInfo.php'),(17,'用户忠诚度',6,'userLoyalInfo.php'),(18,'用户结构',6,'userStructureInfo.php'),(19,'用户付费行为',6,'userPayInfo.php'),(20,'付费用户结构',6,'userPayStructureInfo.php'),(21,'付费行为周期分布',6,'payCycle.php'),(22,'首次付费周期分布',6,'firstPayCycle.php'),(23,'付费金额结构',6,'payStructureInfo.php'),(24,'付费用户金额结构',6,'payUserStructure.php'),(25,'重点玩家相关信息关注',6,'keyPlayerInfo.php'),(26,'元宝变化总表',6,'goldInfo.php'),(27,'礼券变化总表',6,'javascript:void(0)'),(28,'帐号管理',7,'accountManager.php'),(29,'组管理',7,'group.php'),(30,'游戏版本设置',4,'setVersion.php'),(31,'服务器登入限制',4,'fuwuqi.php'),(32,'控制台命令',4,'javascript:void(0)'),(35,'充值记录',5,'userRechargeLog.php'),(33,'实时运营数据统计',6,'currentInfo.php'),(34,'服务器管理',4,'fuwuqimanage.php');

/*Data for the table `t_bangpaiposition` */

insert  into `t_bangpaiposition`(`id`,`name`) values (0,'帮主'),(1,'副帮主'),(2,'长老'),(3,'小罗罗');

/*Data for the table `t_chengjiucnfg` */

insert  into `t_chengjiucnfg`(`ChengJiuID`,`ChengJiuName`,`ChengJiuPoint`) values (1,'初入剑仙',10),(2,'初行者',10),(3,'年少气盛',10),(4,'一方豪杰',10),(5,'玉树芝兰',10),(6,'人中龙凤',10),(7,'天地英雄',10),(8,'第一个伙伴',10),(9,'左膀右臂',10),(10,'三人同行',10),(11,'四方辐辏',10),(12,'人多势众',10),(13,'众喣漂山',10),(14,'灵虚',10),(15,'辟谷',10),(16,'筑基',10),(17,'终于结丹了！',10),(18,'半仙',10),(19,'出窍',10),(20,'卧龙村征服者',10),(21,'无底洞征服者',10),(22,'白云寺征服者',10),(23,'万尸墓征服者',10),(24,'紫荆宫征服者',10),(25,'东海孤岛征服者',10),(26,'地狱魔窟征服者\r\n',10),(27,'雪域秘境征服者\r\n',10),(28,'星云殿征服者\r\n',10),(29,'流沙古堡征服者\r\n',10),(30,'月牙湖修炼\r\n',10),(31,'心炎池修炼\r\n',10),(32,'迷雾林修炼\r\n',10),(33,'雷电池修炼\r\n',10),(34,'魔音洞修炼',10),(35,'驱逐田鼠\r\n',10),(36,'守护粮仓\r\n',10),(37,'抵御鼠潮\r\n',10),(38,'夜袭农田\r\n',10),(39,'疯狂围剿\r\n',10),(40,'黑风岭寻宝\r\n',10),(41,'神木山寻宝\r\n',10),(42,'金丝洞寻宝\r\n',10),(43,'东南群岛寻宝\r\n',10),(44,'崆峒山寻宝\r\n',10),(45,'初等考验\r\n',10),(46,'增长见识\r\n',10),(47,'博学修行\r\n',10),(48,'开阔眼界\r\n',10),(49,'坐视天下\r\n',10),(50,'太阴山采集\r\n',10),(51,'奇石山采集\r\n',10),(52,'黑魔山采集\r\n',10),(53,'血焰山采集\r\n',10),(54,'毒虫山采集\r\n',10),(55,'找到组织\r\n',10),(56,'修炼觉醒\r\n',10),(57,'物攻觉醒\r\n',10),(58,'法攻觉醒\r\n',10),(59,'防御觉醒\r\n',10),(60,'帮派门徒\r\n',10),(61,'帮派守卫\r\n',10),(62,'帮派精英\r\n',10),(63,'帮派元老\r\n',20),(64,'学会10级法术\r\n',10),(65,'学会20级法术\r\n',10),(66,'学会30级法术\r\n',10),(67,'学会40级法术\r\n',10),(68,'学会50级法术\r\n',20),(69,'剑芒初露\r\n',10),(70,'掌控宝剑\r\n',10),(71,'宝剑显威\r\n',20),(72,'新手任务\r\n',30),(73,'装备+1\r\n',10),(74,'装备+2\r\n',10),(75,'装备+3\r\n',10),(76,'装备+4\r\n',10),(77,'装备+5\r\n',30),(78,'法宝+2\r\n',10),(79,'法宝+3\r\n',10),(80,'法宝+4\r\n',10),(81,'法宝+5',10),(82,'法宝+6\r\n',30),(83,'1颗宝石\r\n',10),(84,'2颗宝石\r\n',10),(85,'3颗宝石\r\n',20),(86,'双人修炼入门\r\n',10);

/*Data for the table `t_gamecnfg` */

insert  into `t_gamecnfg`(`TotalChengJiuPoint`) values (960);

/*Data for the table `t_keyword` */

insert  into `t_keyword`(`id`,`keyword`) values (1,'网络封锁'),(2,'北美讲法'),(3,'法正'),(4,'广闻'),(5,'江卖国'),(6,'av'),(7,'B样'),(8,'fa'),(9,'falun'),(10,'falong'),(11,'falu'),(12,'falun'),(13,'fa轮'),(14,'flg'),(15,'freedom'),(16,'fuck'),(17,'hongzhi'),(18,'K粉'),(19,'lihongzhi'),(20,'白粉'),(21,'绑架'),(22,'包皮'),(23,'北韩'),(24,'北京当局'),(25,'屄'),(26,'逼样'),(27,'婊子'),(28,'冰毒'),(29,'拨打'),(30,'蔡崇国'),(31,'残害'),(32,'藏独'),(33,'操逼'),(34,'操比'),(35,'操蛋'),(36,'操你'),(37,'操你妈'),(38,'操你奶奶'),(39,'操他'),(40,'曹长青'),(41,'曹刚川'),(42,'插你'),(43,'柴玲'),(44,'常劲'),(45,'车仑'),(46,'陈炳基'),(47,'陈军'),(48,'陈蒙'),(49,'陈破空'),(50,'陈水扁'),(51,'陈希同'),(52,'陈小同'),(53,'陈宣良'),(54,'陈一谘'),(55,'陈总统'),(56,'程凯'),(57,'程铁军'),(58,'程真'),(59,'迟浩田'),(60,'持不同政见'),(61,'达赖'),(62,'打炮'),(63,'大法弟子'),(64,'大纪元'),(65,'大b'),(66,'大逼'),(67,'大比'),(68,'大法'),(69,'大法弟子'),(70,'大花逼'),(71,'大纪元'),(72,'大纪园'),(73,'大家论坛'),(74,'大奖'),(75,'登辉'),(76,'邓小平'),(77,'邓笑贫'),(78,'丁关根'),(79,'丁元'),(80,'丁子霖'),(81,'东北独立'),(82,'独立台湾会'),(83,'杜智富'),(84,'二B'),(85,'二逼'),(86,'发愣'),(87,'发抡'),(88,'发抡功'),(89,'发仑'),(90,'发伦'),(91,'发伦功'),(92,'发囵'),(93,'发沦'),(94,'发纶'),(95,'发轮'),(96,'发轮功'),(97,'发论'),(98,'发论公'),(99,'发论功'),(100,'发骚'),(101,'乏抡'),(102,'乏仑'),(103,'乏伦'),(104,'乏囵'),(105,'乏沦'),(106,'乏纶'),(107,'乏轮'),(108,'乏论'),(109,'伐抡'),(110,'伐仑'),(111,'伐伦'),(112,'伐囵'),(113,'伐沦'),(114,'伐纶'),(115,'伐轮'),(116,'伐论'),(117,'垡抡'),(118,'垡仑'),(119,'垡伦'),(120,'垡囵'),(121,'垡沦'),(122,'垡纶'),(123,'垡轮'),(124,'垡论'),(125,'罚抡'),(126,'罚仑'),(127,'罚伦'),(128,'罚囵'),(129,'罚沦'),(130,'罚纶'),(131,'罚轮'),(132,'罚论'),(133,'阀抡'),(134,'阀仑'),(135,'阀伦'),(136,'阀囵'),(137,'阀沦'),(138,'阀纶'),(139,'阀轮'),(140,'阀论'),(141,'筏抡'),(142,'筏仑'),(143,'筏伦'),(144,'筏囵'),(145,'筏沦'),(146,'筏纶'),(147,'筏轮'),(148,'筏论'),(149,'法轮功 '),(150,'法功'),(151,'法lun大法'),(152,'法lun功'),(153,'法功'),(154,'法愣'),(155,'法抡'),(156,'法抡功'),(157,'法仑'),(158,'法伦'),(159,'法囵'),(160,'法沦'),(161,'法纶'),(162,'法轮'),(163,'法轮大法'),(164,'法论'),(165,'法十轮十功'),(166,'法谪'),(167,'法谪功'),(168,'砝抡'),(169,'砝仑'),(170,'砝伦'),(171,'砝囵'),(172,'砝沦'),(173,'砝纶'),(174,'砝轮'),(175,'砝论'),(176,'珐抡'),(177,'珐仑'),(178,'珐伦'),(179,'珐囵'),(180,'珐沦'),(181,'珐纶'),(182,'珐轮'),(183,'珐论'),(184,'反革命'),(185,'反攻'),(186,'反共'),(187,'反人类'),(188,'反日'),(189,'反社会'),(190,'反宇宙'),(191,'方励之'),(192,'方舟子'),(193,'飞扬论坛'),(194,'斐得勒'),(195,'费良勇'),(196,'分裂'),(197,'粉饰太平'),(198,'风雨神州'),(199,'封从德'),(200,'冯东海'),(201,'冯素英'),(202,'阝月'),(203,'付申奇'),(204,'傅申奇'),(205,'傅志寰'),(206,'干你娘'),(207,'干死你'),(208,'肛交'),(209,'肛门'),(210,'高潮'),(211,'睾丸'),(212,'鸽派'),(213,'歌功颂德'),(214,'工自联'),(215,'功法'),(216,'功友'),(217,'共产'),(218,'共产党'),(219,'共党'),(220,'共匪'),(221,'共狗'),(222,'共军'),(223,'狗b'),(224,'狗操'),(225,'狗卵子'),(226,'狗娘'),(227,'狗屎'),(228,'古怪歌'),(229,'关卓中'),(230,'广闻'),(231,'龟公'),(232,'龟头'),(233,'郭伯雄'),(234,'郭罗基'),(235,'郭平'),(236,'郭岩华'),(237,'哈批'),(238,'海洛因'),(239,'韩东方'),(240,'韩联潮'),(241,'汉奸'),(242,'何德普'),(243,'何勇'),(244,'河殇'),(245,'弘志'),(246,'红灯区'),(247,'红志'),(248,'宏志'),(249,'宏法'),(250,'宏志'),(251,'闳志'),(252,'泓志'),(253,'洪传'),(254,'洪吟'),(255,'洪哲胜'),(256,'洪志'),(257,'荭志'),(258,'虹志'),(259,'鸿志'),(260,'胡紧掏'),(261,'胡锦涛'),(262,'胡锦滔'),(263,'胡锦淘'),(264,'胡景涛'),(265,'胡平'),(266,'胡总书记'),(267,'护法'),(268,'华建敏'),(269,'黄慈萍'),(270,'黄祸'),(271,'黄菊'),(272,'黄色'),(273,'黄翔'),(274,'回民'),(275,'回民暴'),(276,'回民暴动'),(277,'鸡八'),(278,'鸡巴'),(279,'姬胜德'),(280,'积克馆'),(281,'妓女'),(282,'贾庆林'),(283,'贾廷安'),(284,'贾育台'),(285,'假钞'),(286,'奸淫'),(287,'简鸿章'),(288,'建国党'),(289,'贱逼'),(290,'贱比'),(291,'贱货'),(292,'贱人'),(293,'江core'),(294,'江ze民'),(295,'江八点'),(296,'江独裁'),(297,'江流氓'),(298,'江罗'),(299,'江绵恒'),(300,'江青'),(301,'江戏子'),(302,'江则民'),(303,'江泽慧'),(304,'江泽民'),(305,'江澤民'),(306,'江贼'),(307,'江贼民'),(308,'江折民'),(309,'江猪'),(310,'江猪媳'),(311,'江主席'),(312,'姜春云'),(313,'将则民'),(314,'僵贼'),(315,'僵贼民'),(316,'疆独'),(317,'讲法'),(318,'酱猪媳'),(319,'叫床'),(320,'揭批书'),(321,'金尧如'),(322,'锦涛'),(323,'禁片'),(324,'经文'),(325,'靖国神社'),(326,'静坐'),(327,'九、评'),(328,'九评'),(329,'九台看守所'),(330,'九评'),(331,'靠你妈'),(332,'可卡因'),(333,'狂操'),(334,'邝锦文'),(335,'烂逼'),(336,'烂比'),(337,'烂货'),(338,'老江'),(339,'老毛'),(340,'老人政治'),(341,'黎安友'),(342,'李长春'),(343,'李大师'),(344,'李登辉'),(345,'李红痔'),(346,'李宏志'),(347,'李洪宽'),(348,'李洪志'),(349,'李洪志'),(350,'李继耐'),(351,'李兰菊'),(352,'李岚清'),(353,'李老师'),(354,'李录'),(355,'李禄'),(356,'李鹏'),(357,'李瑞环'),(358,'李少民'),(359,'李淑娴'),(360,'李旺阳'),(361,'李文斌'),(362,'李小朋'),(363,'李小鹏'),(364,'李月月鸟'),(365,'李志绥'),(366,'李总理'),(367,'李总统'),(368,'连胜德'),(369,'炼功'),(370,'梁光烈'),(371,'梁擎墩'),(372,'两个中国'),(373,'两性'),(374,'两性狂情'),(375,'廖锡龙'),(376,'林保华'),(377,'林长盛'),(378,'林樵清'),(379,'林慎立'),(380,'灵动卡'),(381,'凌锋'),(382,'刘宾深'),(383,'刘宾雁'),(384,'刘刚'),(385,'刘国凯'),(386,'刘华清'),(387,'刘俊国'),(388,'刘凯中'),(389,'刘千石'),(390,'刘青'),(391,'刘山青'),(392,'刘士贤'),(393,'刘文胜'),(394,'刘晓波'),(395,'刘晓竹'),(396,'刘永川'),(397,'流亡'),(398,'六四'),(399,'六四真相'),(400,'陆委会'),(401,'吕京花'),(402,'吕秀莲'),(403,'乱伦'),(404,'抡功'),(405,'伦功'),(406,'轮功'),(407,'轮奸'),(408,'罗干'),(409,'罗礼诗'),(410,'裸体'),(411,'妈批'),(412,'马大维'),(413,'马良骏'),(414,'马三家'),(415,'马时敏'),(416,'卖逼'),(417,'卖比'),(418,'卖国'),(419,'瞒报'),(420,'毛厕洞'),(421,'毛家山女子'),(422,'毛片'),(423,'毛泽东'),(424,'毛贼东'),(425,'蒙独'),(426,'蒙古独'),(427,'蒙古独立'),(428,'迷奸'),(429,'迷药'),(430,'密穴'),(431,'明慧'),(432,'明慧网'),(433,'莫伟强'),(434,'木犀地'),(435,'木子论坛'),(436,'奶子'),(437,'倪育贤'),(438,'你爸'),(439,'你妈'),(440,'你妈的'),(441,'你娘'),(442,'牛逼'),(443,'潘国平'),(444,'屁眼'),(445,'嫖娼'),(446,'迫害发轮功  '),(447,'祁建'),(448,'齐墨'),(449,'钱达'),(450,'钱国梁'),(451,'钱其琛'),(452,'枪支'),(453,'强奸'),(454,'乔石'),(455,'亲美'),(456,'亲日'),(457,'钦本立'),(458,'情妇'),(459,'情色'),(460,'情欲'),(461,'去你妈的'),(462,'群奸'),(463,'热比娅'),(464,'热站政论网'),(465,'人民报'),(466,'人民报讯'),(467,'人民大众'),(468,'人民内情真相'),(469,'人民真实'),(470,'人民之声论坛'),(471,'人权'),(472,'日你'),(473,'日死你'),(474,'日他'),(475,'乳房'),(476,'三级'),(477,'三陪'),(478,'骚货'),(479,'色情'),(480,'色诱'),(481,'色欲'),(482,'杀死'),(483,'傻B'),(484,'傻逼'),(485,'善恶有报'),(486,'上海帮'),(487,'上海孤儿院'),(488,'邵家健'),(489,'社会黑白真假'),(490,'射精'),(491,'涉日'),(492,'神通加持法'),(493,'沈彤'),(494,'盛华仁'),(495,'盛雪'),(496,'狮子楼拘留所'),(497,'十八摸'),(498,'十六大'),(499,'石戈'),(500,'时代论坛'),(501,'时事参考'),(502,'时事论坛'),(503,'世界经济导报'),(504,'示威'),(505,'事实独立'),(506,'试卷'),(507,'是中席争'),(508,'收容所'),(509,'数据中国'),(510,'双十节'),(511,'氵去'),(512,'氵去车仑工力'),(513,'水扁'),(514,'司马晋'),(515,'司马璐'),(516,'司徒华'),(517,'斯诺'),(518,'四川独'),(519,'四川独立'),(520,'宋xx'),(521,'宋平'),(522,'宋书元'),(523,'宋祖英'),(524,'苏绍智'),(525,'苏晓康'),(526,'算命'),(527,'绥化看守所'),(528,'随E行'),(529,'他妈'),(530,'他妈的'),(531,'他母亲'),(532,'台独'),(533,'台湾独'),(534,'台湾狗'),(535,'台湾政论区'),(536,'台湾自由联盟'),(537,'太子党'),(538,'汤光中'),(539,'唐柏桥'),(540,'唐捷'),(541,'特等奖'),(542,'特码'),(543,'滕文生'),(544,'天安men自'),(545,'天安门'),(546,'天安门录影带'),(547,'天安门事件'),(548,'天安门屠杀'),(549,'天安门一代'),(550,'天符'),(551,'天怒'),(552,'天葬'),(553,'童屹'),(554,'统独'),(555,'统独论坛'),(556,'偷拍'),(557,'突厥斯坦'),(558,'屠杀'),(559,'外交论坛'),(560,'外交与方略'),(561,'外台朱这民调'),(562,'晚年周恩来'),(563,'万润南'),(564,'万维读者论坛'),(565,'万晓东'),(566,'汪岷'),(567,'王宝森'),(568,'王炳章'),(569,'王策'),(570,'王超华'),(571,'王丹'),(572,'王辅臣'),(573,'王涵万'),(574,'王沪宁'),(575,'王军涛'),(576,'王力雄'),(577,'王瑞林'),(578,'王润生'),(579,'王若望'),(580,'王希哲'),(581,'王秀丽'),(582,'王冶坪'),(583,'网特'),(584,'维吾尔自由运动'),(585,'伪钞'),(586,'尉健行'),(587,'魏京生'),(588,'魏新生'),(589,'温家宝'),(590,'温元凯'),(591,'文革'),(592,'我操'),(593,'我操你'),(594,'我日'),(595,'无界浏览器'),(596,'无能'),(597,'吴百益'),(598,'吴邦国'),(599,'吴方城'),(600,'吴官正'),(601,'吴弘达'),(602,'吴宏达'),(603,'吴仁华'),(604,'吴学灿'),(605,'吴学璨'),(606,'吾尔开希'),(607,'五不'),(608,'伍凡'),(609,'西藏'),(610,'西藏独'),(611,'西藏独立'),(612,'洗脑'),(613,'洗脑中心'),(614,'下体'),(615,'现身'),(616,'项怀诚'),(617,'项小吉'),(618,'销魂'),(619,'小鸡鸡'),(620,'小灵通'),(621,'小泉'),(622,'肖强'),(623,'邪恶'),(624,'泄密'),(625,'谢长廷'),(626,'谢选骏'),(627,'谢中之'),(628,'辛灏年'),(629,'新观察论坛'),(630,'新华举报'),(631,'新华内情'),(632,'新华通论坛'),(633,'新疆独'),(634,'新疆独立'),(635,'新生网'),(636,'新闻封锁'),(637,'新语丝'),(638,'星相'),(639,'邢铮'),(640,'性爱'),(641,'性伴侣'),(642,'性高潮'),(643,'性交'),(644,'性事'),(645,'性游戏'),(646,'性欲'),(647,'熊炎'),(648,'熊焱'),(649,'修炼'),(650,'徐邦秦'),(651,'徐才厚'),(652,'徐匡迪'),(653,'徐水良'),(654,'许家屯'),(655,'薛伟'),(656,'学潮'),(657,'学联'),(658,'学运'),(659,'学自联'),(660,'雪山狮子'),(661,'压迫'),(662,'延吉劳教所'),(663,'严家其'),(664,'严家祺'),(665,'阎明复'),(666,'颜射'),(667,'央视内部晚会'),(668,'杨怀安'),(669,'杨建利'),(670,'杨巍'),(671,'杨月清'),(672,'姚月谦'),(673,'摇头丸'),(674,'夜话紫禁城'),(675,'一边一国'),(676,'一等奖'),(677,'一中一台'),(678,'伊斯兰运动'),(679,'依斯兰运动'),(680,'义解'),(681,'亦凡'),(682,'异见人士'),(683,'异议人士'),(684,'易丹轩'),(685,'易志熹'),(686,'阴唇'),(687,'阴道'),(688,'阴蒂'),(689,'阴茎'),(690,'阴水'),(691,'淫荡'),(692,'淫秽'),(693,'淫穴'),(694,'银行'),(695,'尹庆民'),(696,'隐瞒SARS四个月'),(697,'由喜贵'),(698,'游行'),(699,'幼齿'),(700,'幼女'),(701,'诱奸'),(702,'于大海'),(703,'于浩成'),(704,'余英时'),(705,'宇明网'),(706,'冤案举报'),(707,'远志明'),(708,'杂种'),(709,'在十月'),(710,'造反'),(711,'则民'),(712,'择民'),(713,'泽民'),(714,'贼民'),(715,'曾培炎'),(716,'曾庆红'),(717,'占卜'),(718,'张伯笠'),(719,'张钢'),(720,'张宏堡'),(721,'张林'),(722,'张万年'),(723,'张伟国'),(724,'张昭富'),(725,'张志清'),(726,'招妓'),(727,'兆赫'),(728,'赵海青'),(729,'赵南'),(730,'赵品潞'),(731,'赵晓微'),(732,'赵紫阳'),(733,'哲民'),(734,'真善忍'),(735,'真相'),(736,'真相光盘'),(737,'真象'),(738,'镇压'),(739,'震惊天涯'),(740,'争鸣论坛'),(741,'正法'),(742,'正见网'),(743,'正天翔贸易'),(744,'正义党论坛'),(745,'郑义'),(746,'郑源'),(747,'政变'),(748,'政权'),(749,'政治反对派'),(750,'政治犯'),(751,'政治风波'),(752,'政治运动'),(753,'支那'),(754,'指点江山论坛'),(755,'中俄边界'),(756,'中功'),(757,'中共'),(758,'中国孤儿院'),(759,'中国和平'),(760,'中国六四真相'),(761,'中国论坛'),(762,'中国蒙惑'),(763,'中国民主党联'),(764,'中国社会论坛'),(765,'中国威胁论'),(766,'中国之春'),(767,'中国猪'),(768,'中华大地'),(769,'中华大众'),(770,'中华讲清'),(771,'中华讲清真象'),(772,'中华民国'),(773,'中华人民正邪'),(774,'中华时事'),(775,'中华养生益智功'),(776,'中华真实报道'),(777,'中奖'),(778,'钟山风雨论坛'),(779,'周锋锁'),(780,'周天法'),(781,'周旋'),(782,'周恩来'),(783,'朱嘉明'),(784,'朱琳'),(785,'朱毛'),(786,'朱容基'),(787,'朱溶剂'),(788,'朱镕基'),(789,'猪操'),(790,'猪聋畸'),(791,'猪毛'),(792,'猪毛1'),(793,'转法轮'),(794,'转化'),(795,'自焚'),(796,'自民党'),(797,'自已的故事'),(798,'自由民主论坛'),(799,'自由网'),(800,'走私'),(801,'作爱'),(802,'作秀'),(803,'做爱'),(804,'cookie'),(805,'消息'),(806,'淫'),(807,'操'),(808,'屄'),(809,'客服'),(810,'群交'),(811,'兽交'),(812,'远航管理'),(813,'赑'),(814,'妣'),(815,'肏'),(816,'尻'),(817,'屌'),(818,'信息'),(819,'核对'),(820,'巡视'),(821,'龟儿子'),(822,'我姓焦'),(823,'人大代表'),(824,'肛交'),(825,'干你娘'),(826,'二逼'),(827,'狗贼'),(828,'爆菊花'),(829,'欲望娇娃'),(830,'玻璃'),(831,'勃起'),(832,'禽兽'),(833,'他妈的'),(834,'性爱'),(835,'法轮功'),(836,'三级片'),(837,'sex'),(838,'腚'),(839,'妓'),(840,'娼'),(841,'核查'),(842,'巡查'),(843,'阴蒂'),(844,'系统'),(845,'狗日的'),(850,'草'),(851,'杀人'),(852,'你妈'),(853,'操'),(854,'沙比'),(855,'sb');

/*!40101 SET SQL_MODE=@OLD_SQL_MODE */;
/*!40014 SET FOREIGN_KEY_CHECKS=@OLD_FOREIGN_KEY_CHECKS */;

insert  into `t_needloggoods`(`goodsid`) values (10000),(10001),(10003),(10004),(10005),(10006),(10007),(10008),(10009),(10010),(10011),(10012),(10013),(10035),(10040),(10041),(10042),(10043),(10044),(10045),(10046),(10047),(10048),(10049),(10050),(10051),(10052),(10053),(10054),(10055),(10056),(10057),(10058),(10059),(10060),(10061),(10062),(10063),(10064),(10065),(10066),(10067),(10068),(10069),(10070),(10071),(10072),(10073),(10074),(10075),(10076),(10077),(10078),(10079),(10080),(10081),(10082),(10083),(10084),(10085),(10086),(10087),(10088),(10089),(10090),(10091),(10092),(10093),(10094),(10095),(10096),(10097),(10098),(10099),(10125),(10126),(10127),(10128),(10129),(10130),(10131),(10132),(10133),(10134),(10135),(10700),(10701),(10702),(10703),(10704),(10705),(10706),(10707),(10708),(10709),(10710),(10711),(10712),(10713),(10714),(10715),(10716),(10717),(15000),(15001),(15002),(15003),(15004),(15005),(15006),(15007),(15008),(15009),(15010),(15011),(15012),(15013),(15014),(15015),(15016),(15017),(15018),(15019),(15020),(15021),(15022),(15023),(15024),(15025),(15026),(15027),(15028),(15029),(15030),(15031),(15032),(15033),(15034),(15035),(15036),(15037),(15038),(15039),(15040),(15041),(15042),(15043),(15044),(15045),(15046),(15047),(15048),(15049),(16100),(16101),(16102),(16103),(16104),(16105),(16106),(16107),(16108),(16109),(16110),(16111),(16112),(16113),(16114),(16115),(16116),(16117),(16118),(16119),(16120),(16121),(16122),(16123),(16124),(16125),(16126),(16127),(16128),(16129),(16130),(16131),(16132),(16133),(16134),(16135),(16136),(16137),(16138),(16139),(16140),(16141),(16142),(16143),(16144),(16145),(16146),(16147),(16148),(16149),(16150),(16151),(16152),(16153),(16154),(16155),(16156),(16157),(16158),(16159),(16160),(16161),(16162),(16163),(16164),(16165),(16166),(16167),(16168),(16169),(16170),(16171),(16172),(16173),(16174),(16175),(16176),(16177),(16178),(16179),(16180),(16181),(16182),(16183),(16184),(16185),(16186),(16187),(16188),(16189),(16190),(16191),(16192),(16193),(16194),(16195),(16196),(16197),(16198),(16199),(16200),(16201),(16202),(16203),(16204),(16205),(16206),(16207),(16208),(16209),(16210),(16211),(16212),(16213),(16214),(16215),(16216),(16217),(16218),(16219),(17000),(17001),(17002),(17003),(17004),(17005),(17006),(17007),(17008),(17009),(17010),(17011),(17012),(17013),(17014),(17015),(17016),(17017),(17018),(17019),(17020),(17021),(17022),(17023),(17024),(17025),(17026),(17027),(17028),(17029),(17030),(17031),(17032),(17033),(17034),(17035),(17036),(17037),(17038),(17039),(17040),(17041),(17042),(17043),(17044),(17045),(17046),(17047),(17048),(17049),(30001),(30002),(30003),(30004),(30005);


insert  into `t_channelmap`(`SecondChannel`,`FirstChannel`) values (0,0),(1,1),(2,2),(3,3),(4,4),(5,5),(6,6),(7,7),(8,8),(9,9),(10,7),(11,11),(12,12),(13,7),(14,7),(15,7),(16,16),(17,7),(18,7),(19,19),(20,20),(21,21),(22,22),(23,23),(24,24),(25,25),(26,26),(27,27),(28,28),(29,29),(30,7),(31,7),(32,7);

